{
  "name": "custom.remote.python.rabbit_mq",
  "version": "1.1.0",
  "metricGroup": "tech.RabbitMQ",
  "technologies": ["RabbitMQ"],
  "type": "python",
  "entity": "CUSTOM_DEVICE",
  "source": {
    "package": "rabbitmq_extension",
    "className": "RabbitMQExtension",
    "install_requires": []
  },
  "properties": [
    {"key": "rabbitmq_node", "type": "Textarea"},
    {"key": "rabbitmq_username", "type": "String", "defaultValue": "guest"},
    {"key": "rabbitmq_password", "type": "Password"},
    {"key": "queues_include", "type": "Textarea", "defaultValue": ".*"},
    {"key": "frequency", "type": "Integer", "defaultValue": 1}
  ],
  "configUI": {
    "displayName": "RabbitMQ",
    "properties": [
      {"key": "rabbitmq_node", "displayName": "RabbitMQ Node", "displayHint": "The rabbitmq management URL http://my.host:15672", "displayOrder": 1},
      {"key": "rabbitmq_username", "displayName": "RabbitMQ User", "displayOrder": 2},
      {"key": "rabbitmq_password", "displayName": "RabbitMQ Password", "displayOrder": 3},
      {"key": "queues_include", "displayName": "Queues to include", "displayHint": "One regex expression per line, use .* to monitor all", "displayOrder": 5},
      {"key": "frequency", "displayName": "Frequency (minutes)", "displayOrder": 7}
    ]
  },
  "metrics": [
    {"timeseries": {"key": "messages_ready", "unit": "Count", "dimensions": ["Queue", "VirtualHost"],"displayname": "Messages Ready", "topxconfig": {"limit": 1000}}},
    {"timeseries": {"key": "messages_unacknowledged", "unit": "Count", "dimensions": ["Queue", "VirtualHost"],"displayname": "Messages Unacknowledged", "topxconfig": {"limit": 1000}}},
    {"timeseries": {"key": "messages_ack", "unit": "Count", "dimensions": ["Queue", "VirtualHost"],"displayname": "Messages Acknowledged", "topxconfig": {"limit": 1000}}},
    {"timeseries": {"key": "messages_deliver_get", "unit": "Count", "dimensions": ["Queue", "VirtualHost"],"displayname": "Messages Deliver Get", "topxconfig": {"limit": 1000}}},
    {"timeseries": {"key": "messages_publish", "unit": "Count", "dimensions": ["Queue", "VirtualHost"],"displayname": "Messages Publish", "topxconfig": {"limit": 1000}}},
    {"timeseries": {"key": "messages_redeliver", "unit": "Count", "dimensions": ["Queue", "VirtualHost"],"displayname": "Messages Redeliver", "topxconfig": {"limit": 1000}}},
    {"timeseries": {"key": "messages_return", "unit": "Count", "dimensions": ["Queue", "VirtualHost"],"displayname": "Messages Return", "topxconfig": {"limit": 1000}}}
  ],
  "ui": {
    "keymetrics": [
      {"key": "messages_ready", "displayname": "Ready", "mergeaggregation": "SUM"},
      {"key": "messages_deliver_get", "displayname": "Deliver", "mergeaggregation": "SUM"}
    ],
    "charts": [
    {"group": "Messages", "title": "Message rates", "series":  [
      {"key": "messages_ack", "displayname": "Acknowledge"},
      {"key": "messages_deliver_get", "displayname": "Deliver Get"},
      {"key": "messages_publish", "displayname": "Publish"},
      {"key": "messages_redeliver", "displayname": "Redeliver"},
      {"key": "messages_return", "displayname": "Return"}
    ]},
    {"group": "Messages", "title": "Messages", "series":  [
      {"key": "messages_ready", "displayname": "Ready"},
      {"key": "messages_unacknowledged", "displayname": "Unacknowledged"}
    ]}
  ],
  "keycharts": [
    {"group": "Messages", "title": "Message rates", "series":  [
      {"key": "messages_ack", "displayname": "Acknowledge", "mergeaggregation": "SUM"},
      {"key": "messages_deliver_get", "displayname": "Deliver Get", "mergeaggregation": "SUM"},
      {"key": "messages_publish", "displayname": "Publish", "mergeaggregation": "SUM"},
      {"key": "messages_redeliver", "displayname": "Redeliver", "mergeaggregation": "SUM"},
      {"key": "messages_return", "displayname": "Return", "mergeaggregation": "SUM"}
    ]},
    {"group": "Messages", "title": "Messages", "series":  [
      {"key": "messages_ready", "displayname": "Ready", "mergeaggregation": "SUM"},
      {"key": "messages_unacknowledged", "displayname": "Unacknowledged", "mergeaggregation": "SUM"}
    ]}
  ]}
}
